Title,Length,Audio_Title
Chapter 01 - The Boy Who Lived,31:52,Harry Potter and the Sorcerer's Stone
Chapter 02 - The Vanishing Glass,21:52,Harry Potter and the Sorcerer's Stone
Chapter 03 - The Letters From No One,25:14,Harry Potter and the Sorcerer's Stone
Chapter 01 - The Worst Birthday,18:31,Harry Potter and the Chamber of Secrets
Chapter 02 - Dobby's Warning,21:55,Harry Potter and the Chamber of Secrets
Chapter 03 - At Flourish and Blotts,24:34,Harry Potter and the Chamber of Secrets
Chapter 07 - The Power of Mind,23:34,Grit & Grace
Chapter 03 - Train the Body,26:37,Grit & Grace
Chapter 04 - Morning Motivation,21:59,Grit & Grace
Chapter 03 - Earth Day,37:54,Nine Perfect Strangers
Chapter 01 - Random Acts of Mayhem,21:51,Nine Perfect Strangers
Chapter 02 - The Vanishing Glass,23:34,Nine Perfect Strangers
Chapter 03 - The Letters From No One,28:43,Nine Perfect Strangers
Chapter 1,23:45,Apples Never Fall
Chapter 2,21:32,Apples Never Fall
Chapter 3,21:45,Apples Never Fall
Chapter 1,24:32,The Reading List
Chapter 2,23:32,The Reading List
Chapter 3,30:02,The Reading List
Chapter 4,35:01,The Reading List
